name,long,lat
Kajitsu,-73.977721,40.7498532
Beyond Sushi,-73.9884826,40.7524772
The Cinnamon Snail,-73.99246099999999,40.749724
by CHLOE. Rock Center,-73.9788603,40.7577274
P.S. Kitchen,-73.986627,40.760662
Blue Dog Cookhouse & Bar,-73.98696679999999,40.7625572
Two Tablespoons,-73.9766829,40.7545228
Green Symphony,-73.9885419,40.7576912
Beyond Sushi,-73.9771943,40.7632892
Blossom du Jour,-73.992086,40.759611
Kare Thai,-73.99095969999999,40.7653708
fresh&co,-73.980403,40.7654765
Chef's Secret,-73.9740893,40.7532738
Healthy At The Garden,-73.9934823,40.7500909
Stone Bridge Pizza & Salad,-73.98065729999999,40.7522841
Badshah,-73.98758240000001,40.7648455
Taco Dumbo,-73.977411,40.76039
fresh&co,-73.982513,40.758677
fresh&co,-73.97780399999999,40.7638724
Jerusalem Cafe,-73.984303,40.7502231
Terras at CIVANA,-111.9091661,33.8225788
CIVANA Spa and Resort,-111.9092388,33.8228984
Curry Up Now,-122.3235831,37.5668452
Thonglor Thai Bistro,-122.3228988,37.5641598
sweetgreen,-122.3259359,37.563364
Clay Oven Cuisine of India,-122.3244817,37.5638887
Hummus Mediterranean Kitchen,-122.322577,37.5637307
Avocado Toast,-122.3225961,37.5652582
Inchin's Bamboo Garden,-122.32337,37.566768
Wursthall,-122.324631,37.567287
Best of Burma Restaurant,-122.323615,37.5644621
Pancho Villa Taqueria,-122.3216043,37.5650382
Three Craft Kitchen & Bar,-122.324839,37.5635868
Jeffrey's Hamburgers,-122.3242923,37.5670789
Taqueria La Cumbre SM,-122.3247243,37.5680926
Ike's Place,-122.3193355,37.5674695
Osteria Coppa,-122.32337,37.566768
31st Union,-122.3248422,37.5670756
Little China Kitchen,-122.3229773,37.5653363
New Wing Fat Chinese Restaurant,-122.3194371,37.5671333
Amici's East Coast Pizzeria,-122.3248565,37.5640816
B Street & Vine,-122.322333,37.565168
Enjoy Vegetarian,-122.4052477,37.7958182
The Lucky Creation Vegetarian Restaurant,-122.4074143,37.795132
The Plant Cafe Organic,-122.4023125,37.79168980000001
Massawa Restaurant SF,-122.4080046,37.7997559
Baladie Gourmet Cafe,-122.404405,37.791349
Elixiria,-122.3967288,37.7920646
Vanda Siam Restaurant,-122.404094,37.793728
Ladle & Leaf,-122.4039415,37.7928288
Mixt,-122.393926,37.79292350000001
Mixt,-122.4007159,37.7915776
Urban Remedy,-122.3929652,37.7948374
Mixt,-122.3978848,37.7937068
Newtree Café - Ecker,-122.3990858,37.7899993
The Dosa Brothers: Embarcadero 1,-122.3996037,37.7942185
Hermanos Coffee + Juice,-122.4052114,37.7929116
Mixt,-122.4016631,37.7945532
Peña Pachamama,-122.4105822,37.7997682
The Dosa Brothers: Montgomery Street,-122.4018906,37.7889981
China Live,-122.4079241,37.7980047
Sons & Daughters,-122.4091127,37.7902272
Tatsu Ramen,-118.4424179,34.0388915
Muma Kitchen,-118.4346712,34.0476396
Emporium Thai,-118.4431397,34.0572125
Hurry Curry of Tokyo,-118.4423428,34.0387913
Tasty Noodle House,-118.4425325,34.0390023
Nong La Cafe,-118.4427213,34.0396167
Delphi Greek Restaurant and Bar,-118.44206,34.0554041
Talay Thai Restaurant,-118.4488436,34.0461426
Siam Chan Restaurant,-118.4527686,34.044769
Maharaja Cuisine Of India,-118.4427131,34.05649220000001
Seoul Tofu,-118.4426346,34.0392434
California Chicken Cafe,-118.434165,34.046353
Cafe Glace,-118.4412876,34.05447830000001
India's Oven,-118.4354221,34.0483922
Feast From The East,-118.4351719,34.0473246
Shamshiri Grill,-118.4383179,34.0516233
ROC,-118.4428324,34.0397274
The Bombay Frankie Company,-118.4479868,34.0469931
Louigi's Italian Kitchen,-118.4479258,34.0461169
Qusqo Bistro and Gallery,-118.4550344,34.0444506
Garden Fresh Chinese Vegan Cuisine,-122.162883,37.4455837
Reposado,-122.1609435,37.4441504
Curry Up Now,-122.1601943,37.4454771
sweetgreen,-122.1609481,37.4447007
Darbar Indian Cuisine,-122.1651384,37.444797
True Food Kitchen,-122.1702607,37.4438068
Rangoon Ruby Burmese Cuisine,-122.1630935,37.4450806
Steam,-122.1628635,37.4450435
Mayfield Bakery & Cafe,-122.1585946,37.4382568
Bangkok Cuisine,-122.161681,37.448182
Go Fish Poke Bar- Stanford Shopping Center,-122.1704961,37.4427439
Chipotle Mexican Grill,-122.1710802,37.4442875
Bare Bowls,-122.1623919,37.4441636
Saint Michael's Alley,-122.1597682,37.4414905
Coconuts,-122.1601889,37.4439101
Bird Dog,-122.1632149,37.445675
Fleming’s Prime Steakhouse & Wine Bar,-122.1703245,37.4446025
Tacolicious,-122.1611374,37.4433951
Umami Burger Palo Alto,-122.1595835,37.4476055
Il Fornaio,-122.1588629,37.4479051
Gratitude Kitchen & Bar,-118.4014424,34.0708532
Thai Vegan,-118.4120621,34.0655036
1880 Cafe,-118.414135,34.06192970000001
The Farm of Beverly Hills,-118.4029069,34.0706181
Upper Crust Pizzeria,-118.3992929,34.0634557
Spago,-118.3975176,34.0676932
Chaumont Bakery & Café,-118.3993278,34.0660597
Villa Blanca,-118.4042242,34.0685405
Il Tramezzino,-118.401623,34.0716759
South Beverly Grill,-118.3987651,34.066115
Da Pasquale,-118.4083215,34.06809
Chipotle Mexican Grill,-118.3988293,34.0633238
The Nosh,-118.40734,34.0687633
Chipotle Mexican Grill,-118.4035617,34.07132259999999
Fresh Brothers Pizza Beverly Hills,-118.398807,34.0631777
California Pizza Kitchen at Beverly Hills,-118.399307,34.064726
Il Fornaio Beverly Hills,-118.4009048,34.0684937
Urth Caffé Beverly Hills,-118.399414,34.062645
Clementine,-118.3977709,34.0744511
Beverliz Café,-118.3988569,34.0618023
North Beach Pizza,-122.3224167,37.5653451
Two Mammas' Vegan Kitchen,-122.2213444,37.7741025
Obelisco Restaurant,-122.2239437,37.7757787
Cafe Platano 2,-122.2215043,37.7758637
Vulcan Thai Cafe,-122.2160779,37.7693549
Mountain Mike's Pizza,-122.2139348,37.7724169
Guadalajara,-122.2273502,37.7755553
Subway,-122.224582,37.7760671
Ruth's Buka,-122.2017862,37.7728606
Café Gratitude,-118.2324894,34.0457973
Âu Lạc LA,-118.2508578,34.0562184
Shojin,-118.2388682,34.0450139
Spitz - Little Tokyo,-118.239857,34.0482327
Amazebowls,-118.2324868,34.0439116
Wild Living Foods,-118.2529126,34.042737
Earthbar,-118.2546579,34.0485476
California Pita,-118.2412663,34.0534439
Mixt,-118.2514967,34.0515815
Locali,-118.2530077,34.0416726
sweetgreen,-118.2541173,34.0505422
Mr Ramen,-118.23969,34.0497304
Perch,-118.251408,34.0490017
Men Oh Tokushima Ramen,-118.238503,34.0470484
Rakkan,-118.2394299,34.0495729
Beelman's,-118.250917,34.045527
Otium,-118.2513786,34.0543133
Chicas Tacos,-118.2560547,34.0457827
Yuko Kitchen,-118.2485148,34.046917
Baffo Street Food,-118.2352371,34.0443302
Redemption,-0.1950851,51.5155339
Jusu Brothers,-0.1961543,51.5148289
Farmacy,-0.1928439,51.5154097
Falafel Point,-0.2044402,51.5153331
Happy Vegetarian,-0.2059594,51.5171377
Ottolenghi Notting Hill,-0.1994013,51.5148611
The Ledbury,-0.200063,51.516655
Core by Clare Smyth,-0.203041,51.5127484
Mosob Restaurant,-0.201048,51.523854
Golborne Deli,-0.209296,51.5214723
Granger and Co.,-0.1977374,51.5146307
Zayane Z91,-0.2087214,51.5215202
Zizzi,-0.1929262,51.5098992
Fez Mangal,-0.2091951,51.5165022
The Bartoli Gallery,-0.2190204,51.5232612
Eat Tokyo (Notting Hill Gate),-0.1943358,51.5092754
Makan Cafe,-0.2071505,51.5187661
Greggs,-0.2061023,51.5174696
Côte Brasserie - Westbourne Grove,-0.1942052,51.5152525
Leafwild Cafe,-0.2104038,51.5185246
Masala Art,-71.2365133,42.28010769999999
Hearth Pizzeria,-71.23613,42.280052
The Farmhouse,-71.23602009999999,42.2800774
Cook Needham,-71.23702209999999,42.281025
The Rice Barn,-71.237645,42.28037399999999
Kostas Pizza & Seafood,-71.2379452,42.2748063
Sweet Basil,-71.2353492,42.2801431
Gari Japanese Fusion Bistro,-71.2372226,42.280399
Bertucci's Italian Restaurant,-71.23631449999999,42.2849449
Nicholas' Pizzeria,-71.236842,42.2821989
Gyro & Kebab House,-71.2380306,42.2801153
French Press Bakery & Cafe,-71.236638,42.2814921
Die Pie,-113.5144264,53.5406711
The Green Moustache Organic Café,-113.5181415,53.5411099
An Chay Restaurant,-113.5142465,53.54062
DOPPIO ZERO Pizza,-113.5069905,53.5407623
Chic-Hog-O's,-113.5230375,53.5411235
The Common,-113.5087201,53.5375484
Co Co Di,-113.5188894,53.5411344
Calle Mexico Restaurant,-113.5134009,53.551208
Chopped Leaf,-113.5208219,53.5472127
Viphalay,-113.5023709,53.5370491
Pho Langs,-113.504999,53.54057599999999
Blue Orchid Chinese Restaurant,-113.5151724,53.5407646
Sofra Turkish Restaurant & Wine Cellar,-113.5026609,53.545611
Earls Kitchen + Bar,-113.526281,53.541303
The Canadian Brewhouse,-113.509971,53.54590899999999
"Select Restaurant Best Edmonton Multi Cuisine Restaurant, Indian Food, Halal Restaurant(Dairy Gluten Free options available )",-113.503146,53.539454
Ikki Izakaya,-113.5278976,53.54066599999999
Wishbone,-113.50213,53.5410996
Pho Huong & Mama Pizza,-113.5021627,53.551117
Tokiwa Ramen,-113.52792,53.54740289999999
The Olive Grove,-1.581417,54.70131
Subway,-1.5671593,54.704126
Domino's Pizza,-1.5660295,54.70576089999999
Tudhoe Pizza,-1.5823281,54.7028495
Fox Cub Spennymoor,-1.5692685,54.7048395
McDonald's,-1.566563,54.7046722
pizza milanos,-1.5845284,54.7094412
Mediterranean Wraps,-122.1448895,37.4259827
Zareen's,-122.1440822,37.4267457
Mandarin Roots,-122.13603,37.420276
Protégé,-122.143825,37.428023
Anatolian Kitchen,-122.1444671,37.4279112
Fambrini's Cafe,-122.1448367,37.4242836
Pastis,-122.1450815,37.4257762
Terún,-122.1453991,37.4259206
Italico Restaurant,-122.144055,37.426968
Spice Kit,-122.1444386,37.4270743
Legends Pizza Co.,-122.1427801,37.4280769
Chipotle Mexican Grill,-122.14306,37.4238742
Kali Greek Kitchen,-122.1451083,37.4257174
INDO Restaurant & Lounge,-122.1369623,37.4209566
Sundance The Steakhouse,-122.1496507,37.428565
The Counter Palo Alto,-122.1441499,37.4266808
Lotus Thai Bistro,-122.1447516,37.4260513
Corner Bakery Cafe,-122.1358347,37.4200613
Panda Express,-122.1468032,37.4252919
Da Sichuan Bistro,-122.1316782,37.4178895
Pho Que Huong,-157.791546,21.301713
Protein Bar & Kitchen,-105.0011716,39.7523153
Pho 16th Vietnamese Grill,-104.990873,39.744378
Jason's Deli,-104.9926136,39.745239
Mellow Mushroom,-104.9966712,39.7488648
Modern Market Eatery,-104.9943332,39.7465895
Yard House,-104.9895691,39.7429798
Superfood Bar,-105.0086224,39.7571428
Saffron Grill,-105.0033027,39.7428725
MAD Greens - 16th St. Mall,-104.99251,39.7457093
Protein Bar & Kitchen,-104.990072,39.74378189999999
Protein Bar & Kitchen,-104.9936141,39.74839559999999
Yampa Sandwich Company,-104.999732,39.751606
Sam's No. 3,-104.9955952,39.7461987
Cook's Fresh Market,-104.989726,39.743943
Vesta,-104.9960644,39.7526261
Etai's Bakery Cafe,-104.993925,39.7488698
ChoLon,-104.9994254,39.7505122
Sushi Ronin Denver - Sushi and Sake Bar,-105.0116697,39.7591895
Snooze an A.M. Eatery,-104.9889401,39.7555219
The Kitchen American Bistro,-104.9999596,39.7509015
Kokyo,18.0535007,59.3458195
Curry Spice City Indisk Restaurang,18.0546811,59.345408
FRIENDS' TABLE,18.0310581,59.3352444
Holy Cow Vasastan,18.0400942,59.3407239
Organic Green,18.057933,59.342448
Restaurang Sensum,18.0522098,59.3362148
Ban Yan,18.0297902,59.33139909999999
Indian King,18.052454,59.33705269999999
Eatnam,18.0474227,59.3417819
Nha Trang Restaurant,18.029333,59.3350068
Saravanaa Bhavan St Eriksplan Stockholm,18.0358151,59.3382162
Full moon wok,18.0492518,59.34210539999999
Masala Masala - Indisk restaurang,18.0524725,59.3434804
Green Smile,18.039873,59.34401699999999
Mealprep,18.0469003,59.344476
Haga Deli,18.0517466,59.3454272
Le Bistro,18.03233,59.3346586
Guru - indisk restaurang,18.0468191,59.3416982
Indisk restaurang Razmoni,18.0346664,59.33406910000001
Muskot kök & bar,18.0401379,59.34531339999999
Wung Thai Restaurant,-82.7098456,27.9167027
Modern Love,-73.9509484,40.7098276
Little Choc Apothecary,-73.95717499999999,40.7119149
Chickpea & Olive,-73.9597096,40.71614090000001
Wild Ginger,-73.95537159999999,40.7188851
by CHLOE. Williamsburg,-73.9593632,40.7152143
Black Flamingo,-73.9541674,40.7104945
Abracadabra Brooklyn,-73.9626135,40.7121258
The Butcher's Daughter,-73.9584689,40.714942
sweetgreen,-73.959234,40.7158038
Haab mexican restaurant (williamsburg),-73.947064,40.7109698
Two Boots Williamsburg,-73.95676999999999,40.7169774
the shanti shack,-73.9623409,40.7171867
Hummus Market,-73.9446801,40.7154234
Juicery Kitchen,-73.952005,40.717969
Cafe Mogador,-73.96000049999999,40.7197632
Bar Velo,-73.9543449,40.7070244
Crif Dogs,-73.956377,40.71685
Vanessa's Dumpling House,-73.9619965,40.713836
Mama Pho,-73.9485923,40.7110619
Chipotle Mexican Grill,-73.9605444,40.7166254
Candle 79,-73.958731,40.774625
Candle Cafe,-73.9591308,40.7714726
Le Botaniste,-73.9658839,40.7649689
Ginger Root Vegan,-73.9595642,40.7624751
Hummus Kitchen,-73.95302370000002,40.7764123
Adyar Ananda Bhavan,-73.962471,40.75937
Green Bean Café,-73.95232779999999,40.7691367
Amali,-73.9685995,40.76334019999999
THEP Thai Restaurant,-73.95723199999999,40.7707623
Loco Coco,-73.9658711,40.7651478
Darbar Grill,-73.968839,40.759341
fresh&co,-73.9682041,40.7631708
Juice Press,-73.9554199,40.7771783
sweetgreen,-73.9568462,40.7671283
sweetgreen,-73.9674801,40.7637144
Quantum Leap,-73.9615858,40.7606494
My Pie Pizzeria Romana,-73.96942020000002,40.7607952
sweetgreen,-73.95489169999999,40.7780119
Bangkok Cuisine,-73.9533503,40.77537179999999
Tandoor Oven,-73.9556934,40.7770934
Los Cabos Mexican Grill,-86.0513005,39.9061123
Amber Indian Restaurant,-86.0660631,39.9046409
Freshway,-86.063526,39.9090663
Le Peep Castleton,-86.0523637,39.906093
Olive Garden Italian Restaurant,-86.06128199999999,39.905921
LongHorn Steakhouse,-86.066122,39.90591999999999
Red Lobster,-86.057396,39.905847
Charleston's Restaurant,-86.048338,39.9045265
Thai Orchid Restaurant,-86.0493509,39.9039799
Subway,-86.0580131,39.9082285
Pho Tasty,-86.063249,39.905794
Buca di Beppo Italian Restaurant,-86.0631208,39.91184459999999
Ichiban Noodles,-86.0488587,39.9082136
On The Border Mexican Grill & Cantina,-86.06597900000001,39.91195099999999
Sub Zero Nitrogen Ice Cream,-86.0650826,39.9086423
McAlister's Deli,-86.0661375,39.9074126
Jimmy John's,-86.0629172,39.9060178
Arby's,-86.056541,39.904868
Taco Bell,-86.0588349,39.9048519
All Spice,-122.315668,37.55286410000001
Ravioli House,-122.3205623,37.5639942
Jack's Restaurant and Bar San Mateo,-122.3131255,37.5510635
Vatan,-73.98033699999999,40.7423608
Hangawi,-73.98476169999999,40.7466013
abcV,-73.98928409999999,40.7379803
Franchia Vegan Cafe,-73.98130139999999,40.7475836
Bombay Sandwich Co.,-73.99039119999999,40.7449584
Terri,-73.99235329999999,40.7425674
Marty's V Burger Restaurant,-73.982534,40.74181799999999
Pongal,-73.9828835,40.7424527
by CHLOE.,-73.9929188,40.7419722
The Hummus & Pita Co.,-73.99577529999999,40.7391501
Saravanaa Bhavan,-73.983071,40.7414198
XYST,-73.9944924,40.7386729
Kailash Parbat,-73.982706,40.7420625
Chennai Garden by Tiffin Wallah,-73.9827576,40.742965
BLACKBARN Restaurant,-73.9871592,40.743099
Himal Chuli Restaurant,-89.3907051,43.07493849999999
Ian's Pizza on State,-89.386999,43.074913
Heritage Tavern,-89.38324449999999,43.0768301
Marigold Kitchen,-89.38150689999999,43.0741382
Forage Kitchen,-89.3971554,43.0747906
Graze,-89.3821484,43.0750867
Short Stack Eatery,-89.3900006,43.0745242
Canteen,-89.3840596,43.0727345
Paul's Pel'meni,-89.3941148,43.0745018
Ian's Pizza by the Slice,-89.3956374,43.0729482
Los Gemelos Restaurant,-89.3932437,43.0751306
Estrellon,-89.39047339999999,43.074184
The Icon Restaurant,-89.38835399999999,43.0749515
Sunroom Cafe,-89.39617799999999,43.075159
Gordon Dining and Event Center,-89.39861189999999,43.071196
Pizza Di Roma State,-89.39071799999999,43.0746632
Mirch Masala,-89.3933933,43.0744758
BelAir Cantina Madison,-89.382622,43.0738367
Chili King,-89.39352699999999,43.074971
Chipotle Mexican Grill,-89.39656769999999,43.0751466
Mu-Food,6.1464839,46.2150623
Alive,6.1554062,46.2038421
Qibi Bergues,6.145762,46.2072
Tartares & Co Cornavin,6.1402467,46.2074368
Red Sea,6.1417803,46.21122
La Cantina Del Gusto,6.152024,46.2034003
Rasoi by Vineet,6.141428899999999,46.20564220000001
Elsalad,6.1433874,46.206293
Subway,6.1434006,46.21080449999999
Qibi,6.157630000000001,46.203414
Parfums de Beyrouth,6.1459609,46.2099381
Mister Falafel,6.150003099999999,46.2118888
TAKINOA Du Nant,6.160652000000001,46.2023418
Saj Eat,6.145002799999999,46.2101443
IZUMI,6.146962,46.2070227
Zara 2001,6.1446039,46.212181
Fleurs de Marie,6.1398635,46.2107304
Awash,6.1460184,46.2171982
L'Artisan,6.145193799999999,46.2072375
Il Lago,6.146962,46.2070227
Bmuse Cafe,-72.81468699999999,41.472015
Colony Diner & Restaurant,-72.815902,41.4703475
The Greek Guy,-72.8177161,41.46956309999999
Sirinan's Thai & Japanese Restaurant,-72.80989,41.4824503
Christos Restaurant & Bar,-72.81759629999999,41.4687084
Pacific Buffet & Grill,-72.8085834,41.4813558
HFT Grill,-72.81425949999999,41.4747724
Hometown Pizza & Restaurant,-72.823556,41.484055
Pancheros Mexican Grill,-72.8109915,41.48209120000001
Subway,-72.8104577,41.4776896
Wendy's,-72.81530579999999,41.4730158
Gold Star Chinese Restaurant,-72.8318063,41.4729803
Taco Bell,-72.8087618,41.4850125
Moe's Southwest Grill,-72.8091808,41.4885063
Sense Eat,2.3382962,48.85426229999999
LE GRENIER DE NOTRE DAME,2.3485513,48.8520918
JANINE loves SUNDAY,2.3445189,48.8657241
Hank Burger,2.3582754,48.8614037
Le Potager du Marais,2.3544137,48.8610006
Végét'Halles,2.3454986,48.8606006
Kitchen,2.354587,48.864505
Cloud Cakes,2.34635,48.865673
Maoz Vegetarian,2.3455931,48.85294529999999
Maoz Vegetarian,2.3417234,48.8534102
Hank Pizza,2.3572145,48.8637463
VegEateria,2.3539366,48.8651388
Be Veggie,2.3444071,48.8515423
Riz Riz,2.3528225,48.8642867
Wild & The Moon Charlot,2.363068,48.8634
Lemoni Café,2.3411374,48.8648077
Restaurant du Tibet Pemathang,2.348673,48.8488185
Krishna Bhavan,2.3477779,48.85110539999999
Health Inside,2.362142,48.8624203
Galerie 88,2.3537889,48.8549976
Restaurante la Vitaminica D'Horta,2.162724,41.4286994
Aqui Cupertino,-122.0317953,37.3140052
Chaat House,-122.047965,37.3234721
Hobee's,-122.0476036,37.3233367
Ike's Sandwiches,-122.0409503,37.3226542
Ananda Bhavan Cafe Cupertino,-122.0326463,37.3125087
Mandarin Gourmet Cupertino,-122.0327572,37.3245142
Rio Adobe Southwest Cafe,-122.0328189,37.3154352
Thai Square,-122.0477153,37.3233266
Cafe Torre,-122.0295914,37.3235223
Lee's Sandwiches,-122.029813,37.32359230000001
Chipotle Mexican Grill,-122.03279,37.317265
Dosateria,-122.0394162,37.3233058
Panera Bread,-122.0380568,37.3232102
TOGO'S Sandwiches,-122.048023,37.32336
Yiassoo,-122.0319069,37.313469
Yoshida,-122.0319,37.313117
Round Table Pizza,-122.0246152,37.3226587
Kobe Pho & Grill,-122.0486916,37.3234279
Tasty Pizza,-122.0410608,37.322608
Yeung Shing,-121.9626861,37.2621333
Royal Taj India Cuisine,-121.9448935,37.2695752
Subway Restaurants,-121.9439186,37.2687223
Loving Hut,-122.406012,37.7843069
Million Thai Restaurant,-122.4114631,37.7857294
Mixt,-122.3991604,37.7887925
Golden Era,-122.4167532,37.7813583
sweetgreen,-122.3986346,37.7872625
Green Papaya,-122.404841,37.78380500000001
Tin,-122.4057109,37.78072179999999
Dim Sum House,-78.82720069999999,35.8510487
Los Tres Magueyes Mexican Restaurant,-78.8202807,35.8595556
Peng's Asian Cuisine,-78.81838230000001,35.8624411
Hummus Cafe,-78.82035180000001,35.8577995
Godavari Morrisville,-78.8269152,35.851397
Babymoon Cafe,-78.82692229999999,35.8511149
Cracker Barrel Old Country Store,-78.8231334,35.8584529
Wendy's,-78.8173556,35.8587505
Sai Krishna Bhavan,-78.8405648,35.8564768
Capital City Chop House,-78.8146702,35.8635854
Teriyakin',-78.8405123,35.8563566
Veggie Grill,-121.9490348,37.3210366
Yard House,-121.9474766,37.3229845
A Slice of New York,-121.95888,37.323538
Loving Hut,-121.9445277,37.3263591
Din Tai Fung,-121.944087,37.326228
Yeganeh Bakery and Kafe Unik,-121.9546211,37.3236308
Phở 24,-121.9509084,37.314271
Mendocino Farms,-121.948472,37.3190599
Chipotle Mexican Grill,-121.9505501,37.3217163
Chipotle Mexican Grill,-121.9439521,37.32617949999999
Subway,-121.9433929,37.3257906
The Counter Santana Row,-121.9489331,37.3210576
Must be Thai,-121.951719,37.324002
Maggiano's Little Italy,-121.9497097,37.320802
Amber India,-121.948621,37.319356
California Pizza Kitchen at Valley Fair,-121.9435752,37.32619469999999
Super Duper Burgers,-121.9441377,37.3263393
VILLAGE California Bistro and Wine Bar,-121.9475706,37.31997580000001
Round Table Pizza,-121.954407,37.32361
Straits Restaurant,-121.9482408,37.3217492
Vanilla Black,-0.1111346,51.5166622
Vita Mojo,-0.1000618,51.51307449999999
Carnevale,-0.0929252,51.5228356
Arancini Brothers Old St,-0.0964854,51.5239237
Adore REMO,-0.1122339,51.5133947
Chamisse,-0.1139637,51.5221772
KIN,-0.1099092,51.52143760000001
Nincomsoup,-0.08761959999999999,51.5256722
Itadaki Zen,-0.115951,51.529703
The Gate Islington,-0.105227,51.53016599999999
Ptooch Vegetarian Restaurant,-0.1097847,51.52085229999999
Brigadiers,-0.0917409,51.5126269
Après Food Co.,-0.1014919,51.5216675
Natural Kitchen,-0.1069757,51.5127382
"Totos - South Indian, Caribbean, Vegetarian",-0.1045032,51.51375789999999
Paternoster Chop House,-0.0995954,51.5145094
LEON,-0.0880613,51.5189767
Chilango,-0.1069834,51.5143119
EatViet,-0.1055263,51.5177883
Pixxa - Pizza al taglio Farringdon,-0.101634,51.520012
Bueno Y Sano,-72.51860599999999,42.37599900000001
The Black Sheep,-72.51814499999999,42.375617
Fresh Side,-72.5200572,42.37520809999999
The Lone Wolf,-72.5184628,42.3755937
The Taste Thai Cuisine,-72.519667,42.3761429
Crazy Noodles,-72.5190121,42.3758478
Osteria Vespa,-72.5205273,42.3755733
"Bruno's Pizza Amherst,Ma",-72.512708,42.3757
La Veracruzana Restaurant,-72.5200844,42.3752641
Pita Pockets Amherst,-72.519489,42.3772685
Miss Saigon,-72.52022099999999,42.3771039
Paradise of India,-72.518019,42.37566
Judie's Restaurant,-72.5196576,42.3764349
Formosa Chinese Restaurant,-72.51843149999999,42.3760248
The Works Café,-72.5202722,42.3764476
30Boltwood,-72.518396,42.374527
Bistro 63,-72.519581,42.376667
Antonio's Pizza,-72.5196426,42.3761691
Panda East,-72.5195122,42.3771845
Johnny's Tavern,-72.5183085,42.3763342
Konark Vegetarian Restaurant,77.6021325,12.9688149
Konark Kanteerava,77.59212409999999,12.9701634
Green Theory,77.6036179,12.9670167
MTR,77.60093379999999,12.9721997
Rasovara,77.59620079999999,12.9717098
New Punjabi Pure Vegetarian Restaurant,77.594566,12.971599
Bheema's,77.60359969999999,12.9751838
Anna Kuteera,77.6008018,12.9711498
New Udupi Upahar,77.5968506,12.9642633
Kamat Restaurant,77.5867966,12.9643374
The Spice Bazaar,77.5994742,12.9746621
Desi Vdesi,77.60323629999999,12.9755096
Sri Krishna The Daba,77.59479,12.9658464
RockSalt,77.6024363,12.9731052
Dad's Coffee Club,77.60011349999999,12.967731
"No.10 Fort Cochin - Seafood Restaurant in St.Marks Road, Bangalore",77.600686,12.970767
Ranganna hotel,77.5915603,12.9660483
South Parade,77.59921700000001,12.975672
Mayura Art Gallery Canteen,77.5954143,12.9749486
Republic Canteen Upahara Mandir,77.59819739999999,12.9640004
Cooks Window Italian Pizza and Catering,-71.2600667,42.3253019
The Wok,-71.24494,42.3153566
Papa Razzi Wellesley,-71.25980799999999,42.325052
Express Gourmet,-71.259013,42.324729
Bollywood Grill,-71.135166,42.682589
Shawsheen Luncheonette,-71.1512923,42.6720886
Lee Chen Chinese Cuisine,-71.1394158,42.6848344
Raagini Indian Bistro,-71.1438215,42.6649329
Thyme Japanese Cuisine,-71.131711,42.6761018
Karma Restaurant,-71.1438125,42.6645917
Thai Sweet Basil,-71.14360909999999,42.6643154
Chipotle Mexican Grill,-71.1317931,42.67605289999999
All-Star Pizza & Grill,-71.15481969999999,42.6834271
Ananda Fuara,-122.4162916,37.7778739
Thai Idea Vegetarian,-122.4190544,37.7834711
The Flying Falafel,-122.4112304,37.781266
Golden Lotus,-122.4177934,37.7838268
Moya,-122.4141668,37.7760097
Shizen Vegan Sushi Bar and Izakaya,-122.421643,37.7683133
DNA Pizza,-122.412835,37.771069
Ike's Sandwiches,-122.4197998,37.7851755
Kaisen Sushi,-122.4067564,37.78315560000001
Brenda's French Soul Food,-122.4188939,37.7829106
El Tesoro Taqueria & Grill,-122.4144684,37.785499
Red Chilli,-122.41288,37.7860601
Mourad,-122.4001359,37.7867018
Zizzi,-0.0800714,51.5092402
tibits,-0.1015823,51.5062452
Horn OK Please,-0.0905723,51.5053436
Duck & Waffle,-0.0809454,51.5161957
Vita Mojo,-0.0774745,51.5188565
Coco di Mama - Italian to Go - Houndsditch,-0.078618,51.5153936
Damascus Vegan & Vegetarian,-0.0950091,51.5038591
Aqua Shard,-0.08655589999999999,51.5045632
Zizzi,-0.09492010000000001,51.508042
Wagamama,-0.0789883,51.5088206
The Drift,-0.0809449,51.5162529
Strada Riverside,-0.0801605,51.50552709999999
ARABICA BAR & KITCHEN,-0.0913127,51.5057625
The Fable,-0.1048547,51.51738710000001
Pieminister,-0.110063,51.507824
Ladybird,-73.9844677,40.7266574
Nix,-73.993674,40.7332505
The Organic Grill,-73.9857861,40.7273803
Superiority Burger,-73.9834728,40.7275002
Red Bamboo,-74.000315,40.7312877
Peacefood,-73.9929149,40.7332316
Urban Vegan Kitchen,-74.003686,40.730201
Quantum Leap,-73.9988513,40.7292017
Go Zen,-74.00049349999999,40.7313221
Divya's Kitchen,-73.9884906,40.7237699
Avant Garden East Village,-73.983963,40.726112
LuAnne's Wild Ginger,-73.9964845,40.7204216
Beyond Sushi,-73.98588409999999,40.73292
Ahimsa Garden,-73.983176,40.728489
Ramen Ishida,-73.98833599999999,40.71963
Taïm,-74.0019593,40.735997
The Butcher's Daughter,-73.9948374,40.7207146
Delice & Sarrasin,-74.0006559,40.7338142
Vegan Food Court: VSPOT-Martys-Veggie Grub,-73.9892064,40.7291097
Le Botaniste,-74.0002294,40.7204931
Scarpetta,-73.9857838,40.7444392
Cetrella,-122.1180645,37.378063
Cafe Nur,-122.1165508,37.3785873
Urfa Bistro,-122.116656,37.37938
Pompeii,-122.1155177,37.3802247
Bumble,-122.1188641,37.3796115
Aldo Los Altos,-122.1176708,37.3780733
Morsey's Farmhouse,-122.1150973,37.37982770000001
The Post,-122.1174993,37.377796
LuLu's on Main Street,-122.1148341,37.3792462
Opa! Los Altos,-122.1168833,37.37796489999999
Round Table Pizza,-122.1155906,37.3754818
Grand China Buffet,-96.0890459,41.26206870000001
Maharaja Indian Cuisine,-96.090087,41.264449
Which Wich Superior Sandwiches,-96.0904106,41.2607016
Thai Pepper,-96.0902144,41.264841
YUM roll,-96.06894349999999,41.2673449
P.F. Chang's,-96.070459,41.2644861
Paradise Bakery & Cafe Regency,-96.0720683,41.2590237
The Cheesecake Factory,-96.06943009999999,41.2643341
Toppers Pizza,-96.0895479,41.265985
Subway,-96.0682503,41.2668792
The Taj Kabob and Curry,-96.09224069999999,41.2647935
Jimmy John's,-96.09048949999999,41.2626368
Sarku Japan,-96.0688502,41.2656164
Fleming's Prime Steakhouse & Wine Bar,-96.0725468,41.2582294
Twisted Cork Bistro,-96.08126519999999,41.2494017
Pickleman's Gourmet Cafe,-96.0922125,41.2617948
Subway,-96.0811317,41.2489958
Greenbelly,-96.0916068,41.259138
Zareen's,-122.0795312,37.4162148
The Voya Restaurant,-122.0775706,37.4158543
Chang'an Artisan Noodle,-122.0937845,37.4107738
Erik's DeliCafé,-122.0963789,37.422022
Taqueria La Bamba,-122.0934697,37.4105711
Sunny Bowl,-122.0795058,37.4162194
In-N-Out Burger,-122.0933238,37.4209807
Chipotle Mexican Grill,-122.0965184,37.4218453
Dosa Paratha Indian Cuisine,-122.0932,37.4140761
Ike's Sandwiches,-122.0959886,37.4200595
The Olive Tree,144.9699897,-37.8331008
Rosco's @ Chevron,144.9794138,-37.8455825
Cinnamon's Sri Lankan Restaurant,144.9770732,-37.8418975
Sweet Chilli Thai Restaurant,144.9739171,-37.8358911
Guzman y Gomez,144.9856638,-37.8456183
Bamboo City,144.9882851,-37.8383808
Mizu,144.9901969,-37.8490277
THAI 29 RESTAURANT,144.962711,-37.8300856
Pita Press,-74.0080807,40.70708570000001
Magic Mix Juicery,-74.00673549999999,40.7096056
Pakistan Tea House,-74.007661,40.7156674
Sam's Falafel cart,-74.01155159999999,40.7090845
sweetgreen,-74.008382,40.705586
Juice Press,-74.01092469999999,40.7148618
Nish Nush,-74.00761330000002,40.7155963
Nish Nush,-74.00796290000001,40.7095118
Thunder Bun,-74.0118801,40.7020841
Salad Box NYC,-74.00961579999999,40.71329069999999
Bodhi Kosher Vegetarian Restaurant,-73.9992785,40.7163863
The Original Buddha Bodai Kosher Vegetarian Restaurant 佛菩提,-73.9988482,40.7138721
Beyond Sushi,-74.00765679999999,40.7064289
Bill's Bar & Burger,-74.0141805,40.709363
Benares,-74.0092085,40.7141495
Industry Kitchen,-74.00466999999999,40.7049081
Dig Inn,-74.00720799999999,40.7060372
Chipotle Mexican Grill,-74.0064426,40.7097535
Little Park,-74.009131,40.71522059999999
Ruchi,-74.0127065,40.7095408
Restaurant Fardi,10.0152075,53.57495979999999
Quan Ngun,10.027372,53.5827547
Herbi´s Food,10.0373424,53.5754438
Kohldampf,10.0309454,53.579907
Ristorante Caruso,10.00866,53.58261
Vezos - Greek In The City,10.0198082,53.5663198
Casino Lounge,10.027364,53.58264699999999
Mensa Armgartstraße - Studierendenwerk Hamburg,10.0226477,53.5652554
PATIO Restaurant Weinbar,10.0068042,53.5806336
Goru GmbH,10.0296219,53.5722313
OshoAyu-Leela Ayurvedic Restuarant,10.0233267,53.5681751
LIMON Turkish Barbecue,10.0122835,53.5810237
Chutney,10.0328043,53.5741866
PEACETANBUL,10.021038,53.5832364
C.K. Systemgastronomie e.K.,10.00473,53.58393
PETER PANE Hamburg Goldbekplatz Burgergrill & Bar,10.0091539,53.5835906
Qasr Restaurant,10.03272,53.56306
Teigfabrik,10.0233557,53.5847172
Veggie Grill,-122.3366367,47.6098817
Eggs and Plants,-122.3428815,47.6157243
Cafe Yumm!,-122.3339547,47.6126587
Petra Mediterranean Bistro,-122.3465673,47.6166787
Bang Bang Cafe,-122.3491991,47.613959
Yard House,-122.3373483,47.6105131
RAZZíS PIZZERíA DOWNTOWN,-122.329434,47.61800299999999
Cafe Zum Zum,-122.3334554,47.6046546
El Borracho Pike Place Market,-122.3407153,47.6093214
Anar,-122.3385859,47.6150919
Kati Vegan Thai,-122.3334116,47.6209668
Pantry By Plum Bistro,-122.3512233,47.6211747
Cafe Paloma,-122.3347201,47.601552
Sound View Cafe,-122.3407369,47.6086274
Din Tai Fung Pacific Place,-122.3354092,47.6125141
Mamnoon,-122.3275997,47.6143863
Homegrown,-122.328174,47.61475
In the Bowl,-122.3257051,47.6187257
Piroshki on 3rd,-122.332194,47.603839
NIRMAL'S,-122.3326804,47.6014549
Thai Vegan,-118.485959,34.004062
True Food Kitchen,-118.4944479,34.0129558
Satdha,-118.4801773,34.0098139
Mon Roll House Sushi,-118.493145,34.014927
Thai Dishes on Broadway,-118.4959401,34.0133869
Flower Child,-118.4977902,34.015334
Samosa House,-118.4864151,34.004855
North Italia,-118.4962097,34.0137743
sweetgreen,-118.4955177,34.01697559999999
Blue Plate Taco,-118.495926,34.0125724
Sunnin Lebanese Cuisine,-118.4936347,34.0178511
Bowl Kitchen,-118.4803528,34.0104408
Fritto Misto,-118.4901663,34.0155287
UOVO,-118.4982504,34.0157238
Sushi Roku Santa Monica,-118.4975545,34.0142594
Ivy at the Shore,-118.4954205,34.0121969
La Vecchia Cucina,-118.4831602,34.0012932
Little Prince LA,-118.4855506,34.0036814
Casa Martin,-118.4937837,34.0101852
Kafe K,-118.4870579,34.0055129
Veggie Galaxy,-71.1011111,42.3636597
Life Alive Organic Cafe,-71.105402,42.366664
Whole Heart Provisions,-71.09877879999999,42.3622861
Clover Food Lab,-71.101586,42.3639377
Clover Food Lab,-71.0950422,42.3732647
Oleana,-71.0971741,42.3705577
The Mad Monkfish (formerly Thelonious),-71.102131,42.364137
Area Four,-71.09242549999999,42.3630936
Rangzen Tibetan Place,-71.10297729999999,42.3641641
Clover Food Lab,-71.0877284,42.3626983
Cafe Luna,-71.09421259999999,42.3628814
Oath Pizza - Central Square,-71.09623719999999,42.3611793
Naco Taco,-71.098068,42.3624
Koreana,-71.1009287,42.369114
Middle East,-71.10150159999999,42.3636722
Asmara,-71.1050755,42.3664472
India Pavilion,-71.1047518,42.3653925
Viale,-71.10180609999999,42.3640063
Dosa Factory,-71.1024,42.364999
Little Donkey,-71.1015176,42.3643442
B&H Dairy,-73.9880151,40.7284734
Caravan Of Dreams,-73.98565239999999,40.7263767
Ahimsa,-73.9991467,40.7287319
Panda Vegano,-46.6373776,-23.5482641
Alcachofra Natural,-46.6355289,-23.5475763
Subte Vegan,-46.63955490000001,-23.5434449
Saúde e Sabor Restaurante Vegetariano,-46.6344386,-23.5449707
Restaurante Vegetariano Apfel,-46.6411705,-23.5445702
Restaurante Safra Natural,-46.6322949,-23.5495156
Vegan Burger,-46.6391515,-23.5541955
Restaurante Satori,-46.635866,-23.5530994
Lotus Vegetarian Chinese Restaurant,-46.634911,-23.539358
Green Chef,-46.6498853,-23.5444556
Nutrisom Restaurante Vegetariano,-46.6422537,-23.5486509
Restaurante Base Paulistana,-46.637462,-23.5442
JazzB,-46.6449261,-23.5448743
Homelete - Shopping Light,-46.6386387,-23.5465579
Boteco do Gois,-46.6504039,-23.5378184
Reduto Vegano,-46.64100920000001,-23.5486377
Cool Beans,-97.7416947,30.2953406
Arlo's,-97.74202559999999,30.2951928
Trudy's Texas Star,-97.74104899999999,30.2957486
The Carillon,-97.740174,30.2819697
Clay Pit,-97.7423917,30.2789954
Thai Kitchen Restaurant,-97.7416829,30.2967347
Which Wich Superior Sandwiches,-97.74180969999999,30.2873327
Lavaca Teppan,-97.7412966,30.2799884
Torchy's Tacos,-97.74172809999999,30.29371
Fricano's Deli & Catering,-97.74286599999999,30.2882067
Kerbey Lane Cafe - University,-97.7415429,30.29122619999999
CoCo's Cafe,-97.742229,30.282553
Teji's,-97.7420853,30.2839587
QDOBA Mexican Eats,-97.7421181,30.2878161
Cabo Bob's,-97.7442129,30.29571079999999
Potbelly Sandwich Shop,-97.741846,30.286804
ThunderCloud Subs,-97.74159,30.2789047
i Fratelli Pizza Downtown Austin,-97.7444288,30.2779791
Taco Bell Cantina,-97.74233280000001,30.2828199
Austin's Pizza North Guad,-97.742577,30.2963641
VLife NYC,-73.9930488,40.7481524
RizRaz,12.5752071,55.677055
simpleRAW,12.57614,55.679743
42Raw Pilestræde,12.5805906,55.6806917
Urten,12.5693018,55.6786219
Souls,12.5682149,55.6851802
Väkst,12.567143,55.6788412
Madenitaly,12.5901577,55.6783638
Guru,12.566581,55.6761863
Tandoori Masala,12.5625404,55.6707891
"CHÉ FÈ - Biotrattoria, since 2012",12.5853688,55.6842993
BOB BISTRO (BioMio) - Øko Restaurant Vesterbro,12.5587692,55.6692447
Brace,12.568512,55.679581
RizRaz,12.5741164,55.6800933
Govinda Vegetar Take Away,12.5563415,55.6827467
NyhavnC,12.5903418,55.6801705
The Organic Boho,12.5933538,55.6720452
Kalaset,12.5667449,55.6847036
ESTIN,12.5897507,55.6810419
Restaurant Marv & Ben,12.5769849,55.67729079999999
Gló - Tivoli Food Hall,12.5652151,55.6743274
42RAW Frederiksberg,12.5339869,55.6815102
The South Indian Frederiksberg,12.5368527,55.6858807
Food & Yoga,12.5321093,55.67727060000001
Viet-Nam Nam Restaurant,12.5377444,55.68563320000001
Wok king og Sushi,12.5362016,55.6859699
Forno a Legna,12.5357052,55.6824737
Pha Khao Thai Restaurant,12.5277991,55.68326829999999
Cafe Den Blå Hund,12.5342027,55.6864426
Restaurant La Vita È Bella,12.5375854,55.68465459999999
Fusion Monkey,12.5402321,55.6865768
Grød Falkoner Allé,12.534891,55.6818398
Bindia Gl. Kongevej,12.5395176,55.6768092
Restaurant India,12.5349877,55.6818061
Isola Pizza,12.5280861,55.68762220000001
Restaurant Mielcke & Hurtigkarl,12.5308481,55.6746996
Wagamama,12.5333112,55.6809962
Jasmin Corner Frederiksberg,12.5344939,55.6815255
Raw Food & Juice ApS,12.5341686,55.6814779
Cafe Vivaldi,12.5336739,55.6802929
Sushi Factory,12.524341,55.688751
The Bistro – Eat. Drink. Connect.®,-121.936357,37.4788162
Vince's Cafe,-121.9446158,37.4804264
Taco Bell,-122.1008237,37.4216004
Clover Food Lab,-71.11789619999999,42.3729277
Mamaleh's Delicatessen,-71.09109,42.366007
Aspargus Grill,-46.67735700000001,-23.5852153
BeFresh,-46.6803797,-23.5834827
Anna Gourmet,-46.6773888,-23.583466
Daya&Ture,-46.6852197,-23.5846399
Natural Das Anas,-46.6804436,-23.5814426
A Chapa Hamburgers,-46.6749405,-23.5804632
TESSEN Restaurante e Lounge,-46.6728124,-23.5842732
TATÁ sushi,-46.678797,-23.5826798
Vapiano Italian Restaurant,-46.6741125,-23.5842759
Restaurante Cachoeira Natural,-46.67835969999999,-23.582524
Prime Dog,-46.689605,-23.5733399
Cabana Burger Itaim Bibi,-46.6800066,-23.5882569
Pacifico Taco Shop,-46.675382,-23.582134
Rossopomodoro,-46.6792503,-23.5821783
Supra di Mauro Maia,-46.6792926,-23.5881166
Joakin's Hamburguer,-46.6715329,-23.5838986
Eataly,-46.6834359,-23.5917155
Babiló Iguatemi,-46.6880224,-23.5766583
Kulturas Restaurante,-48.5520629,-27.594031
Natural Restaurante Vida,-48.5475767,-27.594515
Marina Comida Árabe,-48.5561733,-27.5934797
Life+,-48.5482644,-27.5933113
Restaurante Natural Tsan The,-48.5508084,-27.5963449
Saladays,-48.5484798,-27.5970759
Veritá - saudável. de verdade.,-48.5520925,-27.5919125
Saladices Tenente Silveira,-48.55208,-27.595296
picnicfood Fln,-48.5485913,-27.5986564
Boemia Hamburgueria,-48.544985,-27.593944
Subway,-48.543076,-27.5918164
A Fábrica Working Bar,-48.5487829,-27.5915418
Pizzaria Bel Mangio ®,-48.5576022,-27.589992
Blackpot Restaurant,-48.5447977,-27.5883285
Di Costanzo Focacceria,-48.5515525,-27.5950157
Mini Kalzone,-48.5487122,-27.5964577
NB Steak Florianópolis,-48.5571328,-27.5884748
The Lunch Room,-83.74647879999999,42.2845362
Detroit Street Filling Station,-83.74627339999999,42.2833866
Vedge Cafe,-83.748834,42.282597
Silvio's Organic Ristorante e Pizzeria,-83.740026,42.278842
Earthen Jar,-83.74588399999999,42.2791024
Miss Kim,-83.7464713,42.284582
Sava's,-83.7411838,42.2796832
Zingerman's Delicatessen,-83.74507129999999,42.2846822
Logan Restaurant,-83.7494079,42.2804143
Taste Kitchen,-83.74232409999999,42.2795439
BTB Burrito,-83.7408109,42.2715591
Frita Batidos Ann Arbor,-83.7494414,42.2803524
Rich J.C. | Korean Restaurant,-83.732608,42.2751928
Avalon Cafe and Kitchen Ann Arbor,-83.7475999,42.2793657
Blue Nile Restaurant,-83.74632729999999,42.2805309
First Bite,-83.7488498,42.28110969999999
Blue Tractor BBQ & Brewery,-83.74693959999999,42.2806411
Chela's Restaurant,-83.74594019999999,42.2791921
Madras Masala Restaurant,-83.7422339,42.2783507
Mani Osteria and Bar,-83.74427519999999,42.2797177
Gau Poang,-122.3182483,37.5557111
Sree's Foods,-79.99686,40.443077
Condado Tacos,-79.99549859999999,40.4438233
Burgatory,-80.0108833,40.4461811
Corner Mercantile,-80.00042169999999,40.4402009
täkō,-80.0021624,40.4423048
Pittsburgh Poke,-80.0034694,40.4413504
Micro Diner Mt. Washington,-80.007224,40.43003
Sesame Garden,-80.0076212,40.43059
Eddie Merlot's Prime Aged Beef and Seafood Pittsburgh,-80.0045378,40.4410502
Indian Spices,-80.002168,40.443358
Chipotle Mexican Grill,-80.001999,40.4406418
No. 1 Sushi Sushi,-80.0021275,40.4410803
The Bistro,-79.9965826,40.4445159
Siam | Thai Restaurant,-80.000187,40.436964
Social House 7,-80.000344,40.444072
The Simple Greek,-80.00251709999999,40.4411382
Earth Inspired Salads,-79.9965325,40.4414818
Fresh Corner,-80.00344299999999,40.441888
Subway,-80.00277349999999,40.4424933
Butcher and the Rye,-80.00212119999999,40.44235949999999
Vegetarian Dim Sum House,-73.998198,40.715013
XO Taste,-73.9968396,40.7169957
Wonderland Restaurant,-122.4306506,37.7723435
Indian Oven Restaurant,-122.4305355,37.77169749999999
Urban Remedy,-122.4239543,37.776913
Estrella Taqueria,-122.4310452,37.7719421
Indochine Vegan,-122.4221595,37.7646261
Nightbird,-122.4227968,37.77651729999999
Lunchpad,-122.4258775,37.7763564
Focaccia Market Bakery,-122.413178,37.777645
Black Cat,-122.4144688,37.7838304
Nicoles South End,-71.075132,42.342303
South End Pita,-71.0649806,42.3397967
sweetgreen,-71.07862539999999,42.3499334
My Thai Vegan Cafe,-71.0627071,42.35144469999999
Myers+Chang,-71.06634249999999,42.3438708
Revolution Health kitchen,-71.0818242,42.3451114
Toro Boston,-71.0759442,42.33698769999999
The Salty Pig,-71.07612069999999,42.3468805
Fuji At Ink Block,-71.06341789999999,42.3450968
sweetgreen,-71.0633541,42.3452624
Beehive Restaurant,-71.0714971,42.3444932
JUGOS,-71.07584109999999,42.3476282
El Centro Mexican Restaurant,-71.0759391,42.3386276
Banyan Bar + Refuge,-71.07196499999999,42.3444034
BASILE - Fine Italian Kitchen,-71.07061039999999,42.34918769999999
Mela Indian Restaurant,-71.07247269999999,42.34334279999999
Orinoco: A Latin Kitchen,-71.0759544,42.338883
anoush'ella,-71.0740064,42.3389694
Shun's Kitchen,-71.079797,42.341969
The Friendly Toast Restaurant,-71.0732819,42.3483999
Tender Greens,-118.4985224,34.0164994
The Hive - Organic Cafe & Superfood Bar,-118.4912757,34.0167692
Garibolo jatetxe begetarianoa,-2.9334095,43.2583722
La Camelia Vegan Bar,-2.9254428,43.2615658
Tirauki,-2.9227237,43.256468
Green Bistrot,-2.932459,43.26548700000001
Cafe Obrador Okapi,-2.9240154,43.25679179999999
Viva la vida. Veganamente,-2.9229259,43.2562351
Pizzeria Trozo,-2.921854,43.2639613
Copper Deli,-2.9290942,43.26260690000001
Restaurante GRECOCINA Cocina Griega y Mediterránea,-2.9329138,43.26496969999999
Sua San,-2.9352062,43.2671944
Copper Deli Museo,-2.9372254,43.2662604
TxuKruT Vegan Bar,-2.927652,43.2555314
Margarito,-2.9330858,43.2631889
BIO ORIENTAL RESTAURANTE,-2.9368092,43.2645682
Restaurante Ipindo,-2.938548,43.2595
HDH - Hot Dog’s House : Hamburguesería en Bilbao.,-2.9382024,43.2596237
Zubizuri jatetxea,-2.9272171,43.267001
Circolo Pizza,-2.939543,43.261831
Irrintzi,-2.9260641,43.2582878
Santo Taqueria Bilbao,-2.9411859,43.2617298
Gramin,77.61342619999999,12.9344613
Swaadam Veg Restaurant,77.616995,12.9259903
Saravana vegetarian restaurant,77.61572629999999,12.9269778
Adyar Ananda Bhavan Sweets & A2B Veg Restaurant - Koramangala,77.614901,12.935797
Sree Krishna Kafe,77.61957129999999,12.9370373
Patil Vegetarian,77.61614399999999,12.937488
Rajdhani Thali Restaurant,77.613492,12.9352537
Ksheera Sagar,77.61722499999999,12.9411366
Sarovar Non - Veg Restaurant,77.6157592,12.9269464
Utsav Vegetarian,77.62273429999999,12.9312504
Sukh Sagar Restaurant,77.6231275,12.9333003
Chai Galli,77.615279,12.9334464
Sendhoor Coffee,77.62024250000002,12.936863
Sri Krishna Sagar,77.6104699,12.9339097
Bhagat Tarachand,77.6227098,12.9353926
New shree Ganesh Upahar,77.60838679999999,12.9419978
Sri Gopal Krishna Veg,77.6151813,12.9360645
Sagar Fast Food,77.6216041,12.9418135
Udupi Upahar,77.6150268,12.9358522
Bharathi Refreshments,77.6076911,12.94311
Nanoosh,-73.9831166,40.7472556
Ritual Cafe,-93.6338435,41.5853328
Centro,-93.6301014,41.5858943
Open Sesame,-93.61313,41.589106
Malo,-93.6282105,41.5838559
St. Kilda,-93.62165449999999,41.5811969
Fong's Pizza,-93.6217958,41.5858979
Bubba,-93.6293922,41.5840477
Proof Restaurant,-93.6337643,41.5851748
Zombie Burger + Drink Lab,-93.6132834,41.5904743
Spaghetti works,-93.6208181,41.5850045
W-Tao Sushi,-93.62245840000001,41.5861968
Fuzzy's Taco Shop,-93.619473,41.581873
Blu Thai Food and Sushi,-93.6138756,41.5878753
Palmer's Deli & Market,-93.6249481,41.586234
HoQ,-93.6105362,41.58873029999999
The Fighting Burrito,-93.6332102,41.5846033
Dirt Burger,-93.6111152,41.5900642
Americana,-93.634377,41.5847
Blaze Pizza,-93.61981500000002,41.581792
Potbelly Sandwich Shop,-93.6250206,41.586693
Foundry & Lux,-122.394888,37.663671
Little Green Cyclo,-122.3858124,37.6740817
Specialty's Café & Bakery,-122.3976578,37.6601961
Hana's Cafe & Deli,-122.3827431,37.6652573
Brown's Country Buffet,-82.479855,29.79063859999999
Tasty Harmony,-105.0786344,40.5857987
Sushi JeJu,-105.0767051,40.5844248
The Waffle Lab,-105.0785456,40.584782
Mugs Coffee Lounge,-105.0773424,40.5844128
Slyce Pizza Co.,-105.078675,40.5868143
Emporium Kitchen and Wine Market,-105.0740188,40.5874512
The Melting Pot,-105.073106,40.587257
Silver Grill Cafe,-105.076182,40.58889
Urban Egg a daytime eatery,-105.0768052,40.5845501
Blue Agave Grill,-105.0773949,40.5854288
The Still Whiskey Steaks,-105.0773644,40.5881536
LuLu Asian Bistro,-105.0773396,40.58653049999999
Taj Mahal Restaurant and Bar,-105.078333,40.585776
Stuft Burger Bar,-105.076712,40.5850616
Ginger and Baker,-105.0734678,40.5900718
Illegal Pete's Fort Collins,-105.0747382,40.5878634
Next Door Fort Collins | Grand Opening,-105.0767108,40.5872414
Rio Grande Mexican Restaurant,-105.0781453,40.5867294
HuHot Mongolian Grill,-105.0773504,40.5845317
Jay's Bistro,-105.0781493,40.5854484
Le Stand,2.3621657,48.8629259
Aloy Thai Cuisine,-105.2593134,40.0170347
Protein Bar & Kitchen,-105.2565345,40.0192213
Kathmandu Restaurant II,-105.2576474,40.0212139
MAD Greens - Boulder,-105.2565547,40.0188749
Native Foods Cafe,-105.2565524,40.0165943
Dot's Diner,-105.2573624,40.0275082
Leaf,-105.272978,40.0191054
Fresh Thymes Eatery,-105.2534612,40.0267253
Walnut Cafe,-105.2526446,40.0207442
Garbanzo Mediterranean Fresh,-105.2564933,40.0204379
Verde,-105.257608,40.0307571
Boulder Pho,-105.2592832,40.0280832
Chez Thuy Restaurant,-105.25882,40.026964
Black Pepper Pho Restaurant,-105.2591322,40.0219546
Subway Restaurants,-105.258273,40.030802
Shine Restaurant & Potion Bar,-105.2616583,40.0169607
Ali Baba Grill,-105.2588442,40.0297399
Zoës Kitchen,-105.257151,40.017087
BJ's Restaurant & Brewhouse,-105.2577945,40.0177299
My Ramen & Izakaya,-105.2576517,40.0341945
Maoz Vegetarian,4.8841725,52.3647787
Vegan Junk Food Bar,4.891575,52.3572385
Golden Temple Vegetarisch Restaurant,4.8991181,52.3613721
Men Impossible,4.879998899999999,52.3707065
SLA,4.8975471,52.3655197
Greenwoods Keizersgracht,4.887036,52.365982
Delicious Deshima,4.886051,52.361598
Hearth,4.8961991,52.3560554
Maoz Vegetarian,4.8937772,52.366985
Vegetarisch Restaurant De Waaghals,4.8889195,52.3571514
Soup en Zo - Jodenbree,4.902157,52.3690209
Royal Thai,4.884256,52.364152
Ku Kitchen & Bar,4.898988,52.3616945
Saravanaa Bhavan Amsterdam,4.899556,52.3576736
Olive&Cookie,4.890146,52.3557557
Maoz Vegetarian,4.8895311,52.35494509999999
Ivy and Bros,4.8975,52.373497
TerraZen Centre,4.89476,52.3765036
Hard Rock Cafe Amsterdam,4.8830728,52.3620655
Mr. Blou I Love You,4.8773186,52.36880619999999
Omega Diner & Cafe,-74.47108999999999,40.459195
Ninja Sushi Japanese Fusion,-74.4928022,40.4525694
Arusuvai Chettinad Indian Restaurant,-74.4688582,40.4443939
Spirit Amsterdam,4.9260043,52.36767159999999
Vegan Junk Food Bar,4.9282408,52.3630192
Mr. & Mrs. Watson,4.9290881,52.3552526
hummus bistro d&a,4.925345699999999,52.3678927
Cigkoftem Dappermarkt,4.928653,52.3629353
Wicked Waffles,4.928552,52.3694031
Couscousbar Amsterdam,4.9329262,52.3634683
Restaurant Nour,4.9365241,52.3639016
La Fucina,4.9360879,52.36389930000001
Vijfnulvijf Asian kitchen Cafe,4.939416899999999,52.3618245
Komagene Amsterdam Oost,4.9403682,52.3607148
Tom Yum Kung,4.9216928,52.36899289999999
Le Pain Quotidien,4.9245731,52.3618614
De Tropen,4.921639000000001,52.3628318
Restaurant Nomads,4.929954299999999,52.3564112
Frank's Smoke House,4.9219835,52.3688963
FEBO,4.9269078,52.3627407
Mondo Mediterraneo Traiteur,4.9314775,52.3711809
The Cottage,4.9271781,52.3561722
Kilimanjaro Take Me Away,4.918276000000001,52.3565173
Ecocentro,-3.70483,40.4428
Ceres,-3.7043487,40.4510654
JGF - Fresh & Fast Food,-3.6948719,40.451698
Toppings & Salads Orense,-3.6946951,40.4509488
Restaurante Wellfood de Comida Sana,-3.7130961,40.4527912
Hakuna Matata Veggie,-3.709751999999999,40.453167
The Fit Lab,-3.7131435,40.4370859
Health & Go,-3.6922956,40.4512056
Escafandra - Taberna Vegana,-3.710769599999999,40.43738099999999
Honest Greens Castellana,-3.691945699999999,40.4499383
UvaBar Restaurante,-3.6961666,40.4428124
LA H ES MUDA,-3.7122831,40.4387753
Charlotte Coffee Gastrobar & Gin,-3.6993235,40.4417427
Los Andenes,-3.7105515,40.4351027
Tuk Tuk Asian Street Food Perón,-3.6968825,40.4522305
Kabuki,-3.696854999999999,40.453204
Kazoku Sushi,-83.150626,42.607169
Orchid Cafe,-83.15134379999999,42.606826
Cedar Grille,-83.1695676,42.5964946
Jimmy John's,-83.1695688,42.59645
Subway,-83.150821,42.607153
Thai Taste,-83.14973309999999,42.5922913
Blossom on Ninth,-74.0023575,40.7455247
Beyond Sushi,-74.00634389999999,40.7424547
The Butcher's Daughter,-74.0060453,40.7363593
Village Natural,-74.00041019999999,40.7356987
Wild,-74.006317,40.73464999999999
La Panineria Italiana,-73.99670549999999,40.7324906
Dil-e Punjab Deli,-74.0022274,40.7448523
BLACKBARN Chelsea,-74.0064347,40.742909
Kubeh,-73.9979084,40.7353598
Juice Press,-74.0024298,40.73904
sweetgreen,-74.00585869999999,40.7391831
Greenway Foods,4.334209899999999,50.8362425
Den Teepot Organic Shop,4.3451397,50.8485349
L'Eau Chaude,4.347973,50.836899
9 et Voisins,4.3474128,50.848777
Loving Hut Express Foodtruck,4.3574581,50.8476238
God Save The Cream,4.3583594,50.8338038
Bodja,4.3590332,50.8343211
Kokob,4.3486862,50.845526
Chana,4.345757799999999,50.8308447
Fanny Thai,4.348004500000001,50.8481435
Feux de Bengale,4.3530888,50.8451177
Chez Léon,4.3540329,50.8482509
The Noodle Bar Brussels,4.353041,50.8457512
Namaste Indian Restaurant,4.3481241,50.8481742
Bombay Inn,4.3533476,50.84867690000001
Le Renard Bleu,4.3474049,50.8370678
AL JANNAH,4.3494372,50.83995849999999
L'aubette,4.3484204,50.8386721
The 65,4.3562766,50.8312895
Nonno,4.3496831,50.8382693
Virtuous Pie,-123.0999765,49.2797302
Chickpea food truck,-123.1149957,49.2874364
Indigo Age Cafe,-123.112536,49.283452
MeeT in Gastown,-123.1048509,49.28331499999999
Loving Hut Express,-123.1215161,49.2738466
Nuba in Gastown,-123.1097389,49.2828315
Kokomo,-123.0973488,49.2791736
Vegan Pudding & Co.,-123.1121685,49.2837143
Hanoi Pho Restaurant,-123.0952344,49.2810367
MeeT in Yaletown,-123.1217991,49.2749415
The Poke Guy,-123.1120496,49.2838016
Field & Social,-123.1136852,49.2820839
The Juice Truck Yaletown,-123.119456,49.27607200000001
Noodlebox,-123.1076559,49.281941
Chopped Leaf,-123.1178853,49.279823
Jinya Ramen Bar,-123.1179344,49.2803137
Noodlebox,-123.11768,49.279134
Glory Juice Co.,-123.1234708,49.2755563
Nuba in Yaletown,-123.1246083,49.2759133
The Templeton,-123.1245228,49.2784339
